Keyword,Search Intent,Priority Tier,Service Category,Notes
commercial cleaning dallas,Commercial,P0,Core Service,Primary money keyword
commercial cleaning dallas tx,Commercial,P0,Core Service,Variant with state
commercial cleaning company dallas,Commercial,P0,Core Service,Company variant
commercial cleaning services dallas,Commercial,P0,Core Service,Services variant
dallas commercial cleaning,Commercial,P0,Core Service,Geo reversal
commercial cleaners dallas,Commercial,P0,Core Service,Cleaners variant
janitorial services dallas,Commercial,P0,Janitorial,Core janitorial keyword
janitorial services dallas tx,Commercial,P0,Janitorial,Janitorial with state
janitorial service dallas,Commercial,P0,Janitorial,Singular variant
janitorial companies dallas,Commercial,P0,Janitorial,Company variant
dallas janitorial services,Commercial,P0,Janitorial,Geo reversal
janitorial cleaning dallas,Commercial,P0,Janitorial,Cleaning variant
office cleaning dallas,Commercial,P0,Office Cleaning,Primary office keyword
office cleaning services dallas,Commercial,P0,Office Cleaning,Services variant
office cleaning dallas tx,Commercial,P0,Office Cleaning,With state
dallas office cleaning,Commercial,P0,Office Cleaning,Geo reversal
commercial office cleaning dallas,Commercial,P0,Office Cleaning,Commercial modifier
office cleaning company dallas,Commercial,P0,Office Cleaning,Company variant
office cleaners dallas,Commercial,P0,Office Cleaning,Cleaners variant
warehouse cleaning dallas,Commercial,P1,Warehouse Cleaning,Warehouse specific
warehouse cleaning services dallas,Commercial,P1,Warehouse Cleaning,Services variant
industrial cleaning dallas,Commercial,P1,Industrial Cleaning,Industrial variant
distribution center cleaning dallas,Commercial,P1,Warehouse Cleaning,Distribution specific
medical facility cleaning dallas,Commercial,P1,Medical Cleaning,Healthcare facility
clinic cleaning services dallas,Commercial,P1,Medical Cleaning,Clinic specific
doctor office cleaning dallas,Commercial,P1,Medical Cleaning,Medical office
hospital cleaning services dallas,Commercial,P2,Medical Cleaning,Hospital cleaning
dental office cleaning dallas,Commercial,P1,Medical Cleaning,Dental specific
healthcare cleaning dallas,Commercial,P1,Medical Cleaning,Healthcare broad
restaurant cleaning dallas,Commercial,P1,Restaurant Cleaning,Restaurant cleaning
restaurant cleaning services dallas,Commercial,P1,Restaurant Cleaning,Services variant
commercial kitchen cleaning dallas,Commercial,P1,Restaurant Cleaning,Kitchen specific
deep fryer cleaning dallas,Commercial,P2,Restaurant Cleaning,Equipment specific
hood cleaning dallas,Commercial,P2,Restaurant Cleaning,Hood cleaning
grease trap cleaning dallas,Commercial,P2,Restaurant Cleaning,Grease specific
retail store cleaning dallas,Commercial,P1,Retail Cleaning,Retail specific
store cleaning services dallas,Commercial,P1,Retail Cleaning,Store variant
shopping center cleaning dallas,Commercial,P1,Retail Cleaning,Shopping center
mall cleaning dallas,Commercial,P2,Retail Cleaning,Mall cleaning
school cleaning dallas,Commercial,P1,Educational Cleaning,School cleaning
janitorial services for schools dallas,Commercial,P1,Educational Cleaning,School janitorial
university cleaning dallas,Commercial,P2,Educational Cleaning,University specific
daycare cleaning services dallas,Commercial,P1,Educational Cleaning,Daycare specific
gym cleaning dallas,Commercial,P1,Gym Cleaning,Gym/fitness center
fitness center cleaning dallas,Commercial,P1,Gym Cleaning,Fitness variant
health club cleaning dallas,Commercial,P1,Gym Cleaning,Health club variant
post construction cleaning dallas,Commercial,P1,Post-Construction,Post-construction specific
post construction cleaning services dallas,Commercial,P1,Post-Construction,Services variant
construction cleanup dallas,Commercial,P1,Post-Construction,Cleanup variant
after construction cleaning dallas,Commercial,P1,Post-Construction,After variant
new construction cleaning dallas,Commercial,P1,Post-Construction,New construction
move in cleaning dallas,Commercial,P1,Move In/Out Cleaning,Move-in specific
move out cleaning dallas,Commercial,P1,Move In/Out Cleaning,Move-out specific
commercial move out cleaning dallas,Commercial,P1,Move In/Out Cleaning,Commercial move-out
carpet cleaning dallas,Commercial,P1,Floor Cleaning,Carpet cleaning
commercial carpet cleaning dallas,Commercial,P1,Floor Cleaning,Commercial carpet
office carpet cleaning dallas,Commercial,P1,Floor Cleaning,Office carpet
strip and wax floors dallas,Commercial,P1,Floor Cleaning,Strip and wax
floor stripping and waxing dallas,Commercial,P1,Floor Cleaning,Floor stripping
tile and grout cleaning dallas,Commercial,P1,Floor Cleaning,Tile and grout
commercial floor cleaning dallas,Commercial,P1,Floor Cleaning,Commercial floors
vinyl floor cleaning dallas,Commercial,P1,Floor Cleaning,Vinyl specific
concrete floor cleaning dallas,Commercial,P1,Floor Cleaning,Concrete floors
hardwood floor cleaning dallas,Commercial,P1,Floor Cleaning,Hardwood floors
window cleaning dallas,Commercial,P1,Window Cleaning,Window cleaning
commercial window cleaning dallas,Commercial,P1,Window Cleaning,Commercial window
office window cleaning dallas,Commercial,P1,Window Cleaning,Office window
storefront cleaning dallas,Commercial,P1,Window Cleaning,Storefront specific
high rise window cleaning dallas,Commercial,P2,Window Cleaning,High rise
pressure washing dallas,Commercial,P1,Exterior Cleaning,Pressure washing
commercial pressure washing dallas,Commercial,P1,Exterior Cleaning,Commercial pressure
building washing dallas,Commercial,P1,Exterior Cleaning,Building exterior
parking lot cleaning dallas,Commercial,P1,Exterior Cleaning,Parking lot
sidewalk cleaning dallas,Commercial,P1,Exterior Cleaning,Sidewalk cleaning
driveway cleaning dallas,Commercial,P1,Exterior Cleaning,Driveway cleaning
building exterior cleaning dallas,Commercial,P1,Exterior Cleaning,Exterior building
disinfection services dallas,Commercial,P1,Disinfection,Disinfection specific
commercial disinfecting services dallas,Commercial,P1,Disinfection,Commercial disinfecting
sanitization services dallas,Commercial,P1,Disinfection,Sanitization specific
covid cleaning services dallas,Commercial,P1,Disinfection,COVID specific
virus disinfection dallas,Commercial,P1,Disinfection,Virus specific
electrostatic spraying dallas,Commercial,P1,Disinfection,Electrostatic cleaning
deep cleaning services dallas,Commercial,P1,Deep Cleaning,Deep cleaning
commercial deep cleaning dallas,Commercial,P1,Deep Cleaning,Commercial deep
spring cleaning for businesses dallas,Commercial,P2,Deep Cleaning,Seasonal cleaning
one time cleaning service dallas,Commercial,P2,One-Time Cleaning,One-time service
event cleaning dallas,Commercial,P1,Event Cleaning,Event specific
party cleanup services dallas,Commercial,P1,Event Cleaning,Party cleanup
conference room cleaning dallas,Commercial,P1,Event Cleaning,Conference room
special event cleaning dallas,Commercial,P1,Event Cleaning,Special events
hotel cleaning dallas,Commercial,P1,Hospitality Cleaning,Hotel cleaning
hotel housekeeping services dallas,Commercial,P1,Hospitality Cleaning,Hotel housekeeping
airbnb cleaning service dallas,Commercial,P1,Hospitality Cleaning,Airbnb specific
vacation rental cleaning dallas,Commercial,P1,Hospitality Cleaning,Vacation rental
car dealership cleaning dallas,Commercial,P1,Auto Dealership,Car dealer cleaning
auto showroom cleaning dallas,Commercial,P1,Auto Dealership,Showroom cleaning
bank cleaning services dallas,Commercial,P1,Bank Cleaning,Bank specific
credit union cleaning dallas,Commercial,P1,Bank Cleaning,Credit union
church cleaning dallas,Commercial,P1,Religious Facility,Church cleaning
mosque cleaning dallas,Commercial,P1,Religious Facility,Mosque specific
temple cleaning dallas,Commercial,P1,Religious Facility,Temple cleaning
manufacturing facility cleaning dallas,Commercial,P1,Industrial Cleaning,Manufacturing plant
factory cleaning dallas,Commercial,P1,Industrial Cleaning,Factory cleaning
airline cleaning dallas,Commercial,P2,Transportation,Airline/airport
airport cleaning services dallas,Commercial,P2,Transportation,Airport specific
automotive shop cleaning dallas,Commercial,P1,Auto Services,Auto shop
mechanic shop cleaning dallas,Commercial,P1,Auto Services,Mechanic shop
data center cleaning dallas,Commercial,P1,Specialized Cleaning,Data center
server room cleaning dallas,Commercial,P1,Specialized Cleaning,Server room
computer room cleaning dallas,Commercial,P1,Specialized Cleaning,Computer room
laboratory cleaning dallas,Commercial,P1,Specialized Cleaning,Lab cleaning
cleanroom cleaning dallas,Commercial,P2,Specialized Cleaning,Cleanroom specific
cleaning services fort worth,Commercial,P0,Geographic Variant,Fort Worth variant
commercial cleaning fort worth,Commercial,P0,Geographic Variant,Fort Worth commercial
janitorial services fort worth,Commercial,P0,Geographic Variant,Fort Worth janitorial
office cleaning fort worth,Commercial,P0,Geographic Variant,Fort Worth office
office cleaning near me,Commercial,P1,Location-Based,Near me search
commercial cleaning near me,Commercial,P1,Location-Based,Near me commercial
janitorial services near me,Commercial,P1,Location-Based,Near me janitorial
office cleaning companies near me,Commercial,P1,Location-Based,Near me companies
cheap office cleaning dallas,Commercial,P2,Budget-Focused,Budget variant
affordable commercial cleaning dallas,Commercial,P2,Budget-Focused,Affordable
best commercial cleaning dallas,Commercial,P1,Quality-Focused,Best option
reliable commercial cleaning dallas,Commercial,P1,Quality-Focused,Reliable
professional office cleaning dallas,Commercial,P1,Quality-Focused,Professional
top rated janitorial services dallas,Commercial,P1,Quality-Focused,Top rated
24 hour cleaning services dallas,Commercial,P1,Availability,24/7 service
overnight cleaning services dallas,Commercial,P1,Availability,Overnight option
after hours cleaning dallas,Commercial,P1,Availability,After hours
weekend cleaning services dallas,Commercial,P1,Availability,Weekend service
emergency cleaning services dallas,Commercial,P1,Emergency,Emergency cleaning
same day cleaning dallas,Commercial,P1,Speed,Same day service
commercial cleaning contractor dallas,Commercial,P0,B2B Variation,Contractor variant
commercial cleaning vendor dallas,Commercial,P0,B2B Variation,Vendor variant
outsourced janitorial dallas,Commercial,P0,B2B Variation,Outsourcing
facility maintenance dallas,Commercial,P0,Related Service,Facility maintenance